1,Pencil
1,Design_Book
1,Whitener
1,Gel_Pen
1,Scissors
1,Stapler
1,Punching_Machine
1,Notebook
2,Design_Book
2,Gel_Pen
2,Scissors
2,Stapler
2,File
2,Pine_Remover
3,Pencil
3,Gel_Pen
3,Ball_Pen
3,Scissors
3,Stapler
3,Punching_Machine
3,Box_File
3,File
3,Pine_Remover
3,Pin_Box
4,Design_Book
4,Whitener
4,Gel_Pen
4,Scissors
4,File
4,Notebook
5,Pencil
5,Gel_Pen
5,Scissors
5,Stapler
5,Punching_Machine
5,Box_File
5,Pine_Remover
5,Pin_Box
6,Gel_Pen
6,Notebook
7,Pencil
7,Design_Book
7,Whitener
7,Gel_Pen
7,Scissors
7,Stapler
7,Punching_Machine
7,Box_File
7,File
7,Pine_Remover
8,Design_Book
8,Whitener
8,Scissors
8,Punching_Machine
8,Box_File
8,Pine_Remover
9,Gel_Pen
9,File
9,Pin_Box
10,Bag
10,Pencil
10,Design_Book
10,Whitener
10,Punching_Machine
10,Box_File
11,Design_Book
11,Scissors
11,Pine_Remover
11,Pin_Box
11,Notebook
12,Design_Book
12,Whitener
12,Gel_Pen
12,Scissors
12,Punching_Machine
12,Box_File
12,File
13,Pencil
13,Gel_Pen
13,Stapler
13,Punching_Machine
13,Box_File
13,Pine_Remover
14,Pencil
14,Design_Book
14,Whitener
14,Gel_Pen
14,Scissors
14,Stapler
14,Punching_Machine
14,Box_File
14,File
14,Pine_Remover
14,Pin_Box
15,Pencil
15,Gel_Pen
15,Scissors
15,Stapler
15,Punching_Machine
15,Box_File
15,File
15,Pine_Remover
15,Pin_Box
15,Notebook
16,Design_Book
16,Whitener
16,Gel_Pen
16,Scissors
16,Stapler
16,Punching_Machine
16,Box_File
16,File
16,Pine_Remover
16,Pin_Box
16,Notebook
17,Bag
17,Pencil
17,Design_Book
17,Whitener
17,Gel_Pen
17,Scissors
17,Stapler
17,Punching_Machine
17,Box_File
17,Notebook
18,Gel_Pen
18,File
18,Pine_Remover
18,Pin_Box
18,Notebook
19,Pencil
19,Design_Book
19,Gel_Pen
19,Ball_Pen
19,Punching_Machine
19,Box_File
19,Pin_Box
20,Pencil
20,Gel_Pen
20,Scissors
20,Punching_Machine
20,File
20,Pin_Box
20,Notebook
21,Pencil
21,Gel_Pen
21,Ball_Pen
21,Scissors
21,Stapler
21,Punching_Machine
21,Box_File
21,File
21,Pine_Remover
21,Pin_Box
21,Notebook
22,File
22,Pine_Remover
22,Pin_Box
23,Pencil
23,Gel_Pen
23,Scissors
23,Stapler
24,Scissors
24,Punching_Machine
24,Box_File
24,File
24,Pin_Box
25,Pencil
25,Scissors
25,Stapler
25,Pin_Box
25,Notebook
26,Scissors
26,Pine_Remover
26,Pin_Box
27,Design_Book
27,Gel_Pen
27,Punching_Machine
27,File
27,Pine_Remover
27,Pin_Box
27,Notebook
28,Bag
28,Pencil
28,Design_Book
28,Whitener
28,Gel_Pen
28,Scissors
28,Stapler
28,Punching_Machine
28,Box_File
28,File
28,Pine_Remover
28,Pin_Box
28,Notebook
29,Design_Book
29,Whitener
29,Scissors
29,Stapler
29,Box_File
29,Pin_Box
30,Pencil
30,Design_Book
30,Whitener
30,Gel_Pen
30,Scissors
30,Punching_Machine
30,Box_File
30,File
30,Pin_Box
30,Notebook
31,Pencil
31,Scissors
31,Punching_Machine
31,Box_File
31,Pine_Remover
31,Notebook
32,Design_Book
32,Whitener
32,Gel_Pen
32,Scissors
32,Stapler
32,Punching_Machine
32,Box_File
32,File
32,Pine_Remover
32,Notebook
33,Pencil
33,Design_Book
33,Whitener
33,Gel_Pen
33,Scissors
33,Stapler
33,Punching_Machine
33,Box_File
33,Pine_Remover
33,Notebook
34,Pencil
34,Scissors
34,File
34,Pin_Box
35,Pencil
35,Gel_Pen
35,Scissors
35,Punching_Machine
35,Box_File
35,Pine_Remover
35,Notebook
36,Pencil
36,Scissors
36,Punching_Machine
36,Box_File
36,File
36,Notebook
37,Design_Book
37,Whitener
37,Gel_Pen
37,Punching_Machine
37,Box_File
37,Pin_Box
37,Notebook
38,Pin_Box
39,Bag
39,Pencil
39,Design_Book
39,Whitener
39,Gel_Pen
39,Scissors
39,Stapler
39,File
39,Pine_Remover
39,Pin_Box
39,Notebook
40,Scissors
40,Pine_Remover
40,Notebook
41,Design_Book
41,Stapler
41,Pine_Remover
42,Design_Book
42,Whitener
42,Gel_Pen
42,Scissors
42,Punching_Machine
42,Box_File
42,Pine_Remover
42,Notebook
43,Pencil
43,Design_Book
43,Gel_Pen
43,Scissors
43,Stapler
43,Punching_Machine
43,Box_File
43,File
43,Pine_Remover
43,Pin_Box
43,Notebook
44,Pencil
44,Design_Book
44,Whitener
44,Gel_Pen
44,Scissors
44,Punching_Machine
44,Box_File
44,File
44,Pin_Box
44,Notebook
45,Pencil
45,Gel_Pen
45,Scissors
45,Punching_Machine
45,Box_File
45,File
45,Notebook
46,Pencil
46,Gel_Pen
46,Scissors
46,Punching_Machine
46,Box_File
46,File
46,Pine_Remover
46,Notebook
47,Pencil
47,Design_Book
47,Scissors
47,Punching_Machine
47,Box_File
47,Pine_Remover
47,Notebook
48,Pencil
48,Design_Book
48,Whitener
48,Gel_Pen
48,Scissors
48,Stapler
48,Notebook
49,Bag
49,Design_Book
49,Gel_Pen
49,Scissors
49,Punching_Machine
49,File
49,Pin_Box
49,Notebook
50,Bag
50,Pencil
50,Design_Book
50,Whitener
50,Gel_Pen
50,Scissors
50,Stapler
50,Punching_Machine
50,Box_File
50,Pine_Remover
50,Notebook
51,File
51,Pine_Remover
52,Gel_Pen
52,Punching_Machine
52,Box_File
52,File
52,Pine_Remover
52,Notebook
53,Gel_Pen
53,Scissors
53,Stapler
53,File
53,Pine_Remover
53,Pin_Box
53,Notebook
54,Pencil
54,Design_Book
54,Whitener
54,Gel_Pen
54,Scissors
54,Stapler
54,Punching_Machine
54,Box_File
54,Pine_Remover
55,Gel_Pen
55,Scissors
55,Stapler
55,Punching_Machine
55,Box_File
55,Notebook
56,Design_Book
56,Whitener
56,Gel_Pen
56,Scissors
56,Stapler
56,Punching_Machine
56,Box_File
56,Pin_Box
56,Notebook
57,Pencil
57,Design_Book
57,Whitener
57,Gel_Pen
57,Ball_Pen
57,Scissors
57,Pine_Remover
58,Pencil
58,Design_Book
58,Whitener
58,Gel_Pen
58,Scissors
58,Stapler
58,Punching_Machine
58,Box_File
58,File
58,Pine_Remover
58,Notebook
59,Pencil
59,Design_Book
59,Whitener
59,Gel_Pen
59,Scissors
59,File
59,Pine_Remover
60,Ball_Pen
60,Scissors
60,Pine_Remover
60,Pin_Box
61,Gel_Pen
61,Stapler
61,Punching_Machine
61,Box_File
61,File
62,Pencil
62,Gel_Pen
62,File
62,Pine_Remover
62,Notebook
63,Design_Book
63,File
63,Pine_Remover
64,Pencil
64,Design_Book
64,Whitener
64,Gel_Pen
64,Scissors
64,Stapler
64,Punching_Machine
64,Notebook
65,Pencil
65,Design_Book
65,Whitener
65,Scissors
65,Stapler
65,Punching_Machine
65,Box_File
65,File
65,Pine_Remover
66,Scissors
66,Punching_Machine
66,Box_File
66,Pine_Remover
66,Pin_Box
67,Bag
67,File
67,Pine_Remover
67,Notebook
68,Bag
68,Design_Book
68,Whitener
68,Stapler
68,Punching_Machine
68,Box_File
68,Pine_Remover
68,Notebook
69,Gel_Pen
69,Punching_Machine
69,Box_File
69,Pin_Box
70,Pencil
70,Gel_Pen
70,Scissors
70,Stapler
70,Punching_Machine
70,Box_File
70,File
70,Pine_Remover
70,Notebook
71,Design_Book
71,Whitener
71,Gel_Pen
71,File
71,Pine_Remover
72,Design_Book
72,Whitener
72,Gel_Pen
72,Notebook
73,Design_Book
73,Whitener
73,Gel_Pen
73,Scissors
73,Stapler
73,Punching_Machine
73,Box_File
73,File
73,Pine_Remover
73,Notebook
74,Pencil
74,Design_Book
74,Whitener
74,Gel_Pen
74,Scissors
74,Punching_Machine
74,Box_File
74,File
74,Pin_Box
75,Gel_Pen
75,Scissors
75,Stapler
75,Punching_Machine
75,Box_File
75,Pine_Remover
75,Notebook
76,Scissors
76,Pine_Remover
76,Pin_Box
76,Notebook
77,Gel_Pen
77,File
77,Pine_Remover
77,Pin_Box
77,Notebook
78,Pencil
78,Design_Book
78,Whitener
78,Gel_Pen
78,Scissors
78,Stapler
78,Notebook
79,Punching_Machine
79,Box_File
79,File
79,Pine_Remover
80,Pencil
80,Design_Book
80,Whitener
80,Gel_Pen
80,Ball_Pen
80,Scissors
80,Stapler
80,Punching_Machine
80,Box_File
80,File
80,Pine_Remover
80,Pin_Box
81,Design_Book
81,Whitener
81,Gel_Pen
81,Scissors
81,Stapler
81,Box_File
81,Pin_Box
81,Notebook
82,Pencil
82,Gel_Pen
82,Scissors
82,Punching_Machine
82,Box_File
82,File
82,Pine_Remover
82,Notebook
83,Gel_Pen
83,File
83,Pine_Remover
83,Pin_Box
83,Notebook
84,Bag
84,Gel_Pen
84,Punching_Machine
84,Box_File
84,File
84,Pine_Remover
85,Bag
85,Design_Book
85,Whitener
85,Gel_Pen
85,Punching_Machine
85,File
85,Pine_Remover
86,Pencil
86,Gel_Pen
86,File
86,Pine_Remover
86,Notebook
87,Pencil
87,Design_Book
88,Gel_Pen
88,Punching_Machine
88,Box_File
89,Pencil
89,Design_Book
89,Whitener
89,Gel_Pen
89,Scissors
89,Stapler
89,Notebook
90,Design_Book
90,Whitener
90,Gel_Pen
90,Scissors
90,Pine_Remover
90,Notebook
91,Pencil
91,Design_Book
91,Gel_Pen
91,Stapler
91,Punching_Machine
91,Box_File
91,Pine_Remover
91,Notebook
92,Pencil
92,Gel_Pen
92,File
92,Pine_Remover
92,Notebook
93,Pencil
93,Box_File
93,File
93,Pine_Remover
93,Notebook
94,Design_Book
94,Whitener
94,Gel_Pen
94,Scissors
94,Stapler
94,Notebook
95,Stapler
95,Pine_Remover
95,Notebook
96,Pencil
96,Gel_Pen
96,Stapler
96,Punching_Machine
96,Box_File
96,Pin_Box
97,Pencil
97,Gel_Pen
97,Punching_Machine
97,Box_File
97,File
97,Pine_Remover
97,Notebook
98,Pencil
98,Design_Book
98,Whitener
98,Gel_Pen
98,Scissors
98,Punching_Machine
98,Box_File
98,File
98,Pine_Remover
98,Notebook
99,Pencil
99,Scissors
99,File
100,Pencil
100,Design_Book
100,Whitener
100,Gel_Pen
100,Scissors
100,Stapler
100,Pine_Remover
101,Pencil
101,Scissors
101,File
102,Scissors
102,Punching_Machine
102,Box_File
102,File
102,Pine_Remover
103,Pencil
103,Design_Book
103,Whitener
103,Gel_Pen
103,Scissors
103,Stapler
103,Punching_Machine
103,Box_File
104,Pencil
104,Gel_Pen
104,Scissors
104,Punching_Machine
104,Box_File
104,File
104,Notebook
105,Pencil
105,Design_Book
105,Whitener
105,Gel_Pen
105,Scissors
105,Punching_Machine
105,Box_File
105,Pine_Remover
105,Notebook
106,Pencil
106,Scissors
106,Pine_Remover
106,Notebook
107,Design_Book
107,Whitener
107,Punching_Machine
107,Box_File
107,File
107,Pine_Remover
107,Pin_Box
108,Gel_Pen
108,Scissors
108,Stapler
108,Pine_Remover
109,Design_Book
109,Punching_Machine
109,File
109,Pine_Remover
109,Pin_Box
110,Bag
110,Pencil
110,Design_Book
110,Whitener
110,Gel_Pen
110,Scissors
110,Stapler
110,Punching_Machine
110,Box_File
110,File
110,Pine_Remover
110,Notebook
111,File
111,Pine_Remover
112,Gel_Pen
112,File
112,Pine_Remover
112,Pin_Box
113,Gel_Pen
113,Pin_Box
113,Notebook
114,Pencil
114,Gel_Pen
114,File
114,Notebook
115,Pencil
116,Bag
116,Pencil
116,Design_Book
116,Gel_Pen
116,Scissors
116,Punching_Machine
116,Box_File
116,Pine_Remover
116,Notebook
117,Design_Book
117,Whitener
117,Ball_Pen
117,Scissors
117,File
117,Pine_Remover
118,Gel_Pen
118,Box_File
118,File
118,Pine_Remover
119,Pencil
119,Gel_Pen
119,Scissors
119,Stapler
119,File
119,Pine_Remover
119,Pin_Box
119,Notebook
120,Pencil
120,Design_Book
120,Whitener
120,Gel_Pen
120,Scissors
120,Stapler
120,Pine_Remover
120,Notebook
121,Pencil
121,Scissors
121,Punching_Machine
121,Box_File
121,Pine_Remover
122,Bag
122,Gel_Pen
122,Punching_Machine
122,Box_File
122,File
122,Pine_Remover
122,Pin_Box
122,Notebook
123,Bag
123,Design_Book
123,Whitener
123,Scissors
123,File
124,Bag
124,Gel_Pen
124,Punching_Machine
124,File
124,Pine_Remover
124,Pin_Box
124,Notebook
125,Design_Book
125,Gel_Pen
125,File
125,Pin_Box
126,Pencil
126,Gel_Pen
126,Stapler
126,Punching_Machine
126,Box_File
126,Pine_Remover
126,Pin_Box
126,Notebook
127,Design_Book
127,Gel_Pen
127,Notebook
128,Design_Book
128,Whitener
128,Ball_Pen
128,Punching_Machine
128,Box_File
128,Notebook
129,Pencil
129,Gel_Pen
129,Notebook
130,Pencil
130,Design_Book
130,Whitener
130,Gel_Pen
130,Stapler
130,File
131,Pencil
131,Design_Book
131,Gel_Pen
131,Ball_Pen
131,Scissors
131,File
131,Pin_Box
131,Notebook
132,Bag
132,Pencil
132,Gel_Pen
132,Scissors
132,Punching_Machine
132,Box_File
132,Pine_Remover
133,Design_Book
133,Whitener
133,Scissors
133,Pine_Remover
133,Pin_Box
134,Pencil
134,Design_Book
134,Whitener
134,Gel_Pen
134,Scissors
134,Stapler
134,Punching_Machine
134,Box_File
134,Pin_Box
134,Notebook
135,Punching_Machine
135,Box_File
135,File
135,Pine_Remover
136,Pencil
136,Scissors
136,Punching_Machine
136,Box_File
136,File
136,Pin_Box
137,Box_File
137,File
137,Pine_Remover
138,Bag
138,Pencil
138,Gel_Pen
138,Scissors
138,Stapler
139,Pin_Box
139,Notebook
140,Pencil
140,Gel_Pen
140,Stapler
140,File
140,Notebook
141,Scissors
141,Pine_Remover
141,Notebook
142,Pencil
142,Design_Book
142,Punching_Machine
142,Box_File
143,Scissors
143,Box_File
143,File
144,Pencil
144,Design_Book
144,Gel_Pen
144,Scissors
144,Stapler
144,Punching_Machine
144,Box_File
144,File
144,Pine_Remover
144,Pin_Box
145,Pin_Box
145,Notebook
146,Gel_Pen
146,Scissors
146,Stapler
146,File
146,Pine_Remover
146,Notebook
147,Pencil
147,Design_Book
147,Whitener
147,Gel_Pen
147,Ball_Pen
147,Scissors
147,Stapler
147,Punching_Machine
147,Box_File
147,Pin_Box
147,Notebook
148,Design_Book
148,Whitener
148,Gel_Pen
148,Scissors
148,Stapler
148,Punching_Machine
148,Notebook
149,Pencil
149,Punching_Machine
149,File
149,Pine_Remover
150,Pencil
150,Gel_Pen
150,Stapler
150,Punching_Machine
150,Box_File
150,File
150,Notebook
151,Design_Book
151,Gel_Pen
151,Box_File
151,File
151,Pine_Remover
151,Notebook
152,Bag
152,Pencil
152,Gel_Pen
152,Scissors
152,Stapler
152,Punching_Machine
152,Box_File
152,File
152,Pine_Remover
152,Notebook
153,Pencil
153,Gel_Pen
153,Scissors
153,Stapler
153,Pine_Remover
153,Pin_Box
153,Notebook
154,Pencil
154,Gel_Pen
154,Scissors
154,Stapler
154,Punching_Machine
154,Box_File
155,Scissors
155,Stapler
155,Pine_Remover
155,Pin_Box
157,Gel_Pen
157,File
157,Pine_Remover
158,Bag
158,Pencil
158,Gel_Pen
158,Stapler
158,Pine_Remover
158,Notebook
159,Pencil
159,Design_Book
159,Whitener
159,Gel_Pen
159,Scissors
159,Stapler
159,Punching_Machine
159,Box_File
159,File
159,Pine_Remover
159,Notebook
160,Design_Book
160,Gel_Pen
160,Stapler
160,Pin_Box
160,Notebook
161,Design_Book
161,Whitener
161,Scissors
161,File
161,Pin_Box
162,Pencil
162,Gel_Pen
162,Scissors
162,Stapler
162,Punching_Machine
162,Box_File
162,File
162,Pine_Remover
163,Design_Book
163,Whitener
163,Scissors
163,File
163,Pin_Box
164,Punching_Machine
164,Box_File
164,File
164,Pine_Remover
165,Pencil
165,Ball_Pen
165,File
166,Design_Book
166,Whitener
166,Gel_Pen
166,Scissors
166,Stapler
166,Pin_Box
166,Notebook
167,Pencil
167,Gel_Pen
167,Stapler
167,Punching_Machine
167,Box_File
167,Pin_Box
167,Notebook
168,Pin_Box
168,Notebook
169,Gel_Pen
169,File
169,Pine_Remover
169,Notebook
170,Scissors
170,Punching_Machine
170,File
170,Pin_Box
171,Gel_Pen
171,Scissors
171,Punching_Machine
171,Box_File
171,File
171,Notebook
172,Gel_Pen
172,Scissors
172,Punching_Machine
172,Box_File
172,Pine_Remover
172,Pin_Box
172,Notebook
173,Pencil
173,Stapler
173,File
174,Design_Book
174,Whitener
174,Scissors
174,File
174,Pine_Remover
174,Pin_Box
175,Pencil
175,Design_Book
175,Gel_Pen
175,Scissors
175,Stapler
175,File
175,Pine_Remover
175,Notebook
176,Gel_Pen
176,Scissors
176,Stapler
176,Punching_Machine
176,Box_File
176,Pin_Box
177,Pencil
177,Design_Book
177,Whitener
177,Gel_Pen
177,Scissors
177,Punching_Machine
177,Box_File
177,File
177,Notebook
178,Punching_Machine
178,Box_File
178,File
178,Pine_Remover
179,Design_Book
179,Whitener
179,Gel_Pen
179,File
179,Pine_Remover
179,Notebook
180,Gel_Pen
180,Stapler
180,File
180,Notebook
181,Pencil
181,Gel_Pen
181,Ball_Pen
181,Scissors
181,Box_File
181,File
181,Notebook
182,Pencil
182,Gel_Pen
182,Scissors
182,File
182,Notebook
183,Gel_Pen
183,Box_File
183,File
183,Pine_Remover
184,Design_Book
184,Whitener
184,Scissors
184,Punching_Machine
184,Box_File
184,Pine_Remover
185,Pencil
185,Design_Book
185,Whitener
185,Gel_Pen
185,Scissors
185,Stapler
185,Punching_Machine
185,Box_File
185,File
185,Pine_Remover
185,Notebook
186,Pencil
186,Design_Book
186,Whitener
186,Gel_Pen
186,Scissors
186,File
186,Pine_Remover
186,Pin_Box
187,Gel_Pen
187,Scissors
187,Pine_Remover
187,Notebook
188,Gel_Pen
188,Scissors
188,Punching_Machine
188,Box_File
188,File
188,Notebook
189,Bag
189,Scissors
189,Punching_Machine
189,Box_File
189,Pine_Remover
189,Notebook
190,Gel_Pen
190,Scissors
190,Stapler
190,Punching_Machine
190,Box_File
190,Notebook
191,Pencil
191,Gel_Pen
191,Scissors
191,Stapler
192,Punching_Machine
192,Box_File
192,File
192,Pine_Remover
192,Pin_Box
192,Notebook
193,Gel_Pen
193,Punching_Machine
193,File
193,Pine_Remover
193,Notebook
194,Pencil
194,Gel_Pen
194,Stapler
194,Punching_Machine
194,Box_File
194,Pine_Remover
194,Notebook
195,Design_Book
195,Whitener
195,Scissors
195,Pine_Remover
195,Pin_Box
195,Notebook
196,Design_Book
196,Whitener
196,Scissors
196,Punching_Machine
196,Box_File
196,File
197,File
197,Pine_Remover
197,Pin_Box
197,Notebook
198,Gel_Pen
198,Notebook
199,Design_Book
199,Stapler
199,Pine_Remover
200,Scissors
200,Stapler
200,Pin_Box
200,Notebook
201,Pencil
202,File
202,Pine_Remover
202,Pin_Box
202,Notebook
203,Scissors
203,Punching_Machine
203,Box_File
203,Pine_Remover
203,Pin_Box
204,Gel_Pen
204,Scissors
204,Pine_Remover
204,Pin_Box
204,Notebook
205,Pencil
205,Gel_Pen
205,Scissors
205,Box_File
205,File
205,Pin_Box
205,Notebook
206,Design_Book
206,Punching_Machine
206,Box_File
207,Pencil
207,Gel_Pen
207,Scissors
207,File
207,Pin_Box
208,Punching_Machine
208,Box_File
209,Pencil
209,Gel_Pen
209,Scissors
209,Stapler
209,Pin_Box
210,Pencil
210,Gel_Pen
210,Scissors
210,Stapler
210,Punching_Machine
210,Box_File
210,Pin_Box
210,Notebook
211,Pencil
211,Punching_Machine
211,Box_File
211,Pin_Box
212,Pencil
212,Scissors
212,Pine_Remover
212,Pin_Box
213,Bag
213,Pencil
213,File
214,Gel_Pen
214,Scissors
214,Stapler
214,Punching_Machine
214,Box_File
214,File
214,Pine_Remover
214,Notebook
215,Gel_Pen
215,Notebook
216,Gel_Pen
216,File
216,Pine_Remover
217,Design_Book
217,Gel_Pen
217,Punching_Machine
217,Box_File
217,File
217,Pine_Remover
217,Notebook
218,Gel_Pen
218,Stapler
218,File
219,Design_Book
219,Whitener
219,Scissors
219,Stapler
219,Box_File
219,Notebook
220,Bag
220,Design_Book
220,Whitener
220,Gel_Pen
220,Scissors
220,Stapler
220,Punching_Machine
220,Notebook
221,File
221,Pine_Remover
221,Pin_Box
222,Pencil
222,Gel_Pen
222,Punching_Machine
222,Box_File
222,Notebook
223,Pencil
223,Gel_Pen
223,Stapler
223,Pine_Remover
224,Design_Book
224,Gel_Pen
224,Stapler
224,File
224,Notebook
225,Pencil
225,Stapler
225,Punching_Machine
225,Box_File
225,Pine_Remover
225,Notebook
226,Pencil
226,Design_Book
226,Gel_Pen
227,Pencil
227,Design_Book
227,Whitener
227,Gel_Pen
227,Scissors
227,Stapler
227,Punching_Machine
227,Box_File
227,Pine_Remover
227,Pin_Box
227,Notebook
228,Bag
228,Design_Book
228,Whitener
228,Gel_Pen
228,Ball_Pen
228,Stapler
228,Pine_Remover
228,Pin_Box
229,Pencil
229,Gel_Pen
229,Punching_Machine
229,Box_File
229,Notebook
230,Design_Book
230,Whitener
230,Scissors
230,Stapler
230,File
230,Pine_Remover
231,Gel_Pen
231,Ball_Pen
231,Punching_Machine
231,Box_File
231,Pin_Box
231,Notebook
232,File
232,Pine_Remover
232,Notebook
233,Gel_Pen
233,Punching_Machine
233,Box_File
233,File
233,Pine_Remover
233,Notebook
234,Pencil
234,Design_Book
234,Whitener
234,Gel_Pen
234,Scissors
234,Stapler
234,Punching_Machine
234,Box_File
234,File
234,Pine_Remover
234,Notebook
235,Pencil
235,Gel_Pen
235,Notebook
236,Gel_Pen
237,Design_Book
237,Whitener
237,Gel_Pen
238,Bag
238,Pencil
238,Gel_Pen
238,Punching_Machine
238,File
238,Pine_Remover
238,Notebook
239,Bag
239,Pencil
239,Design_Book
239,Whitener
239,Gel_Pen
239,Scissors
239,Stapler
239,Punching_Machine
239,Box_File
239,File
239,Pine_Remover
240,Pencil
240,Design_Book
240,Whitener
240,Gel_Pen
240,Scissors
240,Stapler
240,Punching_Machine
240,Box_File
240,Notebook
241,Pencil
241,Pin_Box
242,Box_File
242,File
242,Pine_Remover
242,Pin_Box
242,Notebook
243,Pencil
243,Design_Book
243,Whitener
243,Punching_Machine
243,Box_File
243,File
243,Pine_Remover
243,Pin_Box
244,Pencil
244,Gel_Pen
244,Box_File
244,File
244,Pine_Remover
244,Notebook
245,Pencil
245,Gel_Pen
245,Stapler
245,Pine_Remover
245,Notebook
246,Bag
246,Pencil
246,Gel_Pen
246,Ball_Pen
246,Punching_Machine
246,Box_File
246,Notebook
247,Gel_Pen
247,Scissors
247,Stapler
247,Punching_Machine
247,Box_File
249,Design_Book
249,Whitener
249,Scissors
249,File
250,Gel_Pen
250,Scissors
250,Stapler
250,Punching_Machine
250,Box_File
250,Notebook
251,Gel_Pen
251,Scissors
251,File
251,Notebook
252,Scissors
252,Punching_Machine
252,Box_File
252,File
253,Box_File
253,File
253,Pine_Remover
253,Notebook
254,Gel_Pen
254,Punching_Machine
254,Box_File
255,Pencil
255,File
255,Pine_Remover
255,Pin_Box
256,Gel_Pen
256,Notebook
257,Pencil
257,Gel_Pen
257,Scissors
257,Stapler
257,File
257,Pine_Remover
258,Design_Book
258,Whitener
258,Punching_Machine
258,Box_File
258,Pin_Box
259,File
259,Pine_Remover
260,Design_Book
260,Punching_Machine
260,Box_File
260,Pin_Box
261,Design_Book
261,Scissors
261,File
262,Gel_Pen
262,Punching_Machine
262,Box_File
262,File
262,Pine_Remover
262,Pin_Box
263,Design_Book
263,Whitener
263,Gel_Pen
263,Scissors
263,Stapler
264,Design_Book
264,Whitener
264,Punching_Machine
264,Box_File
264,Notebook
265,Notebook
266,Stapler
266,Pine_Remover
267,Pencil
267,Design_Book
267,Gel_Pen
267,File
267,Pine_Remover
267,Pin_Box
268,Punching_Machine
268,Box_File
269,Design_Book
269,File
269,Pin_Box
270,Punching_Machine
270,Box_File
270,File
270,Pine_Remover
271,Pencil
271,Design_Book
271,Whitener
271,Scissors
271,File
272,Gel_Pen
272,Pin_Box
272,Notebook
274,Pencil
274,Pin_Box
275,Punching_Machine
275,Box_File
275,File
275,Pine_Remover
275,Pin_Box
275,Notebook
276,Design_Book
276,Whitener
276,Scissors
276,Punching_Machine
276,Box_File
276,Pine_Remover
277,Pencil
277,Design_Book
277,Gel_Pen
277,Scissors
277,Punching_Machine
277,Box_File
277,Pine_Remover
278,Pencil
278,Scissors
278,Stapler
278,Punching_Machine
278,Box_File
279,Pencil
279,Gel_Pen
279,Punching_Machine
279,Box_File
279,Notebook
280,File
280,Pine_Remover
280,Notebook
281,Design_Book
281,Whitener
281,Scissors
281,File
282,Pencil
282,Scissors
282,Stapler
282,Punching_Machine
282,Box_File
282,File
282,Pine_Remover
282,Pin_Box
283,Pencil
283,Gel_Pen
283,Punching_Machine
283,Box_File
283,File
283,Pine_Remover
283,Pin_Box
283,Notebook
284,Pencil
284,Design_Book
284,Gel_Pen
284,Ball_Pen
284,Scissors
284,Stapler
284,Notebook
285,File
285,Pine_Remover
285,Notebook
286,Pencil
286,Gel_Pen
286,Notebook
287,Gel_Pen
287,File
287,Pine_Remover
287,Notebook
288,Gel_Pen
288,Pin_Box
289,File
289,Pin_Box
290,Gel_Pen
290,Scissors
290,Stapler
290,Punching_Machine
290,Pin_Box
290,Notebook
291,Ball_Pen
291,File
291,Pin_Box
292,Pencil
292,Gel_Pen
292,Scissors
292,Stapler
292,Punching_Machine
292,Box_File
292,Notebook
293,Pin_Box
293,Notebook
294,Pencil
294,Gel_Pen
294,Punching_Machine
294,Box_File
294,File
294,Pine_Remover
294,Pin_Box
294,Notebook
295,Gel_Pen
295,Punching_Machine
295,Box_File
295,File
295,Pine_Remover
295,Pin_Box
295,Notebook
296,Pencil
296,Gel_Pen
296,Stapler
296,Punching_Machine
296,Box_File
296,File
297,Gel_Pen
297,File
297,Pine_Remover
297,Notebook
298,Pencil
298,Gel_Pen
298,Scissors
298,Stapler
298,Punching_Machine
298,Box_File
298,Pin_Box
298,Notebook
299,Bag
299,Pencil
299,Design_Book
299,Gel_Pen
299,Scissors
299,Stapler
299,Punching_Machine
299,Box_File
299,File
299,Pine_Remover
300,Design_Book
300,Whitener
300,Scissors
300,Stapler
300,Punching_Machine
300,Box_File
301,Pencil
301,Gel_Pen
301,Scissors
301,File
301,Notebook
302,Pencil
302,Gel_Pen
302,Punching_Machine
302,Box_File
302,File
302,Pin_Box
302,Notebook
303,Design_Book
303,Whitener
303,Gel_Pen
303,Scissors
303,Stapler
303,Punching_Machine
303,Box_File
303,Notebook
305,Box_File
305,File
305,Pine_Remover
306,Design_Book
306,Whitener
306,Gel_Pen
306,Scissors
306,File
307,Gel_Pen
307,Scissors
307,Punching_Machine
307,Box_File
307,File
307,Notebook
308,Box_File
308,File
308,Pine_Remover
309,Bag
309,Pencil
309,File
309,Pine_Remover
309,Pin_Box
309,Notebook
310,Pencil
310,Pin_Box
311,File
311,Pine_Remover
312,Pencil
312,Design_Book
312,Gel_Pen
312,Punching_Machine
312,Box_File
312,Pin_Box
312,Notebook
313,Gel_Pen
313,Stapler
313,Pin_Box
313,Notebook
314,Gel_Pen
315,Gel_Pen
315,Stapler
315,Pine_Remover
315,Notebook
316,Gel_Pen
316,Notebook
317,Pencil
317,Gel_Pen
317,Punching_Machine
317,Box_File
317,File
317,Pine_Remover
318,Scissors
318,Pine_Remover
318,Notebook
319,File
319,Pine_Remover
320,Gel_Pen
320,Scissors
320,Punching_Machine
320,File
320,Notebook
321,Pencil
322,Design_Book
322,Gel_Pen
322,Scissors
322,File
322,Pin_Box
323,Pencil
323,Gel_Pen
323,Scissors
323,Punching_Machine
323,Box_File
323,Pine_Remover
323,Notebook
324,Design_Book
324,Whitener
324,Scissors
324,File
325,Stapler
325,Punching_Machine
325,Box_File
325,Pine_Remover
325,Pin_Box
326,Gel_Pen
327,File
327,Pine_Remover
328,Punching_Machine
328,Box_File
328,File
328,Pine_Remover
329,Punching_Machine
329,Box_File
330,Pencil
330,Design_Book
330,Whitener
330,Gel_Pen
330,Scissors
330,Stapler
331,Pencil
331,Scissors
331,Stapler
331,Punching_Machine
331,Box_File
332,File
332,Pine_Remover
333,Design_Book
333,Pin_Box
333,Notebook
334,Gel_Pen
334,Punching_Machine
334,Box_File
334,File
334,Pine_Remover
334,Pin_Box
334,Notebook
335,Gel_Pen
335,Scissors
335,Stapler
335,Punching_Machine
335,Box_File
335,File
335,Pine_Remover
335,Pin_Box
336,Pencil
336,Design_Book
336,Whitener
336,Gel_Pen
336,Ball_Pen
336,Punching_Machine
336,Box_File
336,File
336,Pine_Remover
336,Pin_Box
336,Notebook
337,Design_Book
337,Whitener
337,Gel_Pen
337,Scissors
337,Box_File
337,File
337,Notebook
338,Bag
338,Pencil
338,Design_Book
338,Whitener
338,Gel_Pen
338,Punching_Machine
338,Box_File
338,File
338,Pine_Remover
339,Design_Book
339,Scissors
339,Pine_Remover
340,Bag
340,Pencil
340,Gel_Pen
340,Punching_Machine
340,Box_File
340,File
340,Pine_Remover
341,Design_Book
341,Box_File
341,File
341,Pine_Remover
342,Gel_Pen
342,File
342,Pine_Remover
343,Box_File
343,File
343,Pine_Remover
343,Pin_Box
344,Pencil
344,Design_Book
344,Whitener
344,Gel_Pen
344,Stapler
344,Punching_Machine
344,Box_File
344,File
345,Pencil
346,Pencil
346,Gel_Pen
346,File
347,Pencil
347,Design_Book
347,Whitener
347,Gel_Pen
347,Scissors
347,Stapler
347,Notebook
348,Pencil
348,Gel_Pen
348,File
348,Pine_Remover
348,Notebook
349,Punching_Machine
349,Box_File
349,File
349,Pine_Remover
350,Pencil
350,Pin_Box
351,Pencil
351,Design_Book
351,Ball_Pen
351,File
352,Pencil
352,Gel_Pen
352,Notebook
353,Gel_Pen
353,Scissors
353,Stapler
353,Punching_Machine
353,Box_File
353,Notebook
354,Design_Book
354,Gel_Pen
354,Stapler
354,File
354,Pin_Box
354,Notebook
355,Design_Book
356,Pencil
356,Design_Book
356,Whitener
356,Gel_Pen
356,Ball_Pen
356,Scissors
356,Punching_Machine
356,Box_File
356,File
356,Pin_Box
357,Scissors
357,File
357,Pine_Remover
358,Scissors
358,Pine_Remover
358,Pin_Box
359,Gel_Pen
359,Punching_Machine
359,Box_File
359,Pin_Box
360,File
360,Pine_Remover
361,Pencil
361,Design_Book
361,Whitener
361,Gel_Pen
361,Scissors
361,Stapler
361,Pin_Box
361,Notebook
362,Box_File
362,File
362,Pine_Remover
362,Notebook
363,Pencil
363,Gel_Pen
363,Scissors
363,Pine_Remover
363,Notebook
364,Scissors
364,Pine_Remover
365,Gel_Pen
365,Scissors
365,Stapler
365,File
365,Pine_Remover
365,Notebook
366,Pencil
366,Gel_Pen
366,File
367,File
367,Pine_Remover
368,Pencil
368,Gel_Pen
368,Stapler
368,Punching_Machine
368,Box_File
368,Pine_Remover
368,Pin_Box
368,Notebook
369,Pencil
369,Gel_Pen
369,Box_File
369,File
369,Pine_Remover
369,Pin_Box
369,Notebook
370,Pencil
370,Design_Book
370,Gel_Pen
370,Punching_Machine
370,Box_File
370,File
370,Pin_Box
370,Notebook
372,Pencil
372,Design_Book
372,Gel_Pen
372,Stapler
372,Pine_Remover
373,Pencil
373,Design_Book
373,Gel_Pen
373,Scissors
373,Pine_Remover
374,Scissors
374,File
374,Pine_Remover
374,Notebook
375,Pencil
375,Gel_Pen
375,Punching_Machine
375,Box_File
375,Notebook
376,Pencil
376,Design_Book
376,Gel_Pen
376,Scissors
376,Punching_Machine
376,Box_File
376,Pine_Remover
377,File
377,Pine_Remover
378,Pencil
378,Design_Book
378,Whitener
378,Gel_Pen
378,Scissors
378,Stapler
378,Pine_Remover
378,Notebook
379,Design_Book
379,Whitener
379,Gel_Pen
379,Punching_Machine
379,Box_File
379,File
379,Pine_Remover
379,Notebook
380,Pencil
380,Scissors
380,Pine_Remover
380,Pin_Box
381,Bag
381,Gel_Pen
381,Scissors
381,Stapler
381,Box_File
381,Notebook
382,Design_Book
382,Box_File
382,File
382,Pine_Remover
382,Notebook
383,Pencil
383,File
383,Notebook
384,Design_Book
384,Punching_Machine
384,Box_File
384,File
385,Design_Book
385,File
385,Notebook
386,Gel_Pen
386,File
387,Pencil
387,Gel_Pen
387,Punching_Machine
387,File
387,Pine_Remover
387,Pin_Box
387,Notebook
388,Scissors
388,Pine_Remover
388,Pin_Box
389,Pin_Box
390,Gel_Pen
390,Stapler
390,Pine_Remover
390,Notebook
391,Pencil
391,Design_Book
391,File
391,Pine_Remover
391,Notebook
392,Design_Book
392,Punching_Machine
392,Box_File
392,Pin_Box
394,Pencil
394,Scissors
394,Punching_Machine
394,Box_File
394,File
395,File
395,Pine_Remover
395,Notebook
396,Pencil
396,Design_Book
396,Whitener
396,Gel_Pen
396,Ball_Pen
396,Punching_Machine
396,Box_File
396,File
396,Pine_Remover
396,Pin_Box
396,Notebook
397,Pencil
397,Punching_Machine
397,Box_File
397,File
397,Pine_Remover
399,Design_Book
399,Whitener
399,Scissors
399,Stapler
399,Punching_Machine
399,Box_File
399,Pin_Box
400,Pencil
400,Scissors
400,Stapler
401,Gel_Pen
401,File
401,Pine_Remover
401,Notebook
402,Ball_Pen
402,Punching_Machine
402,Box_File
402,File
402,Pine_Remover
402,Pin_Box
403,Design_Book
403,File
403,Pine_Remover
403,Notebook
404,Gel_Pen
404,Scissors
404,Pine_Remover
405,Design_Book
405,Whitener
405,Stapler
405,Pine_Remover
406,Gel_Pen
406,Stapler
406,Box_File
406,Pine_Remover
406,Pin_Box
407,Design_Book
407,Whitener
407,Gel_Pen
407,Scissors
407,Punching_Machine
407,Box_File
407,Pine_Remover
407,Notebook
408,Punching_Machine
408,Box_File
408,File
408,Pine_Remover
408,Pin_Box
409,Pin_Box
410,File
410,Pine_Remover
411,Punching_Machine
411,Box_File
411,File
411,Pine_Remover
412,Pencil
412,Gel_Pen
412,Punching_Machine
412,Box_File
412,File
412,Pine_Remover
412,Pin_Box
413,Stapler
413,File
414,Punching_Machine
414,Box_File
414,File
414,Pine_Remover
415,Scissors
415,Box_File
415,File
416,Design_Book
416,Whitener
416,Punching_Machine
416,Box_File
416,Pin_Box
417,Gel_Pen
417,Scissors
417,Pine_Remover
417,Notebook
418,File
418,Pine_Remover
418,Notebook
419,Pencil
419,File
419,Pine_Remover
419,Pin_Box
419,Notebook
420,Scissors
420,Pine_Remover
421,Gel_Pen
421,File
421,Pine_Remover
421,Pin_Box
421,Notebook
422,File
422,Pine_Remover
422,Notebook
423,Scissors
423,File
424,Design_Book
424,File
424,Pine_Remover
424,Notebook
425,Design_Book
425,Gel_Pen
425,Stapler
425,File
426,Pencil
426,Design_Book
426,Pin_Box
427,Gel_Pen
427,File
427,Pine_Remover
427,Notebook
428,Box_File
428,File
428,Pine_Remover
428,Notebook
429,Design_Book
429,Whitener
429,Gel_Pen
429,Scissors
429,Box_File
429,File
429,Pin_Box
430,Bag
430,Pencil
430,Gel_Pen
430,Scissors
430,Punching_Machine
430,Box_File
430,File
430,Notebook
432,File
432,Pine_Remover
433,Design_Book
433,Pin_Box
434,File
434,Pine_Remover
435,Design_Book
435,Pin_Box
436,Gel_Pen
436,Scissors
436,Pine_Remover
436,Notebook
437,Pin_Box
437,Notebook
438,Pencil
438,Gel_Pen
439,Pencil
439,Design_Book
439,Whitener
439,Gel_Pen
439,Scissors
439,Punching_Machine
439,File
439,Notebook
440,Pencil
440,Gel_Pen
440,Ball_Pen
440,Stapler
440,Punching_Machine
440,Box_File
440,File
440,Pin_Box
440,Notebook
441,Pencil
441,Gel_Pen
441,Punching_Machine
441,Box_File
441,File
441,Notebook
442,Punching_Machine
442,File
442,Pine_Remover
442,Pin_Box
442,Notebook
443,Gel_Pen
443,File
443,Pine_Remover
444,Scissors
444,File
444,Pin_Box
445,Design_Book
446,File
446,Pine_Remover
446,Notebook
447,File
447,Pine_Remover
447,Pin_Box
447,Notebook
448,Pencil
448,Box_File
448,File
448,Pine_Remover
448,Pin_Box
449,File
449,Pine_Remover
449,Pin_Box
450,Pencil
450,Pin_Box
451,Pencil
451,Gel_Pen
451,Stapler
451,Pine_Remover
451,Pin_Box
451,Notebook
452,Design_Book
452,Gel_Pen
452,Punching_Machine
452,Box_File
452,Pin_Box
452,Notebook
453,Scissors
453,Stapler
453,File
453,Pine_Remover
454,Pencil
454,Gel_Pen
454,Stapler
454,Punching_Machine
454,Box_File
454,File
454,Notebook
455,Pencil
455,Design_Book
455,Whitener
455,Scissors
455,File
455,Notebook
456,Pencil
456,Gel_Pen
456,Scissors
456,Stapler
456,Punching_Machine
456,Box_File
456,File
456,Pine_Remover
457,Design_Book
457,Stapler
457,File
458,Pencil
458,Design_Book
458,Gel_Pen
458,Stapler
458,Punching_Machine
458,Box_File
458,File
458,Pin_Box
458,Notebook
459,Pencil
459,Design_Book
459,Gel_Pen
459,Scissors
459,File
459,Pine_Remover
459,Pin_Box
459,Notebook
460,Gel_Pen
460,Stapler
460,Pine_Remover
460,Pin_Box
460,Notebook
461,Pencil
461,Gel_Pen
461,Stapler
461,File
461,Notebook
462,Pencil
462,Box_File
462,File
462,Pine_Remover
462,Notebook
463,Gel_Pen
463,Scissors
463,File
463,Pine_Remover
463,Pin_Box
464,Pin_Box
464,Notebook
465,Pencil
465,Design_Book
465,Whitener
465,Gel_Pen
465,Stapler
465,File
465,Notebook
466,Design_Book
466,Scissors
466,Punching_Machine
466,Box_File
466,Pine_Remover
467,Pencil
467,Gel_Pen
468,Gel_Pen
468,Pin_Box
469,Scissors
469,Stapler
469,File
469,Pine_Remover
470,Gel_Pen
470,Stapler
470,Box_File
470,Pine_Remover
470,Notebook
471,File
471,Pine_Remover
471,Notebook
472,Gel_Pen
472,Stapler
472,Punching_Machine
472,Pine_Remover
472,Notebook
473,Gel_Pen
473,Pin_Box
473,Notebook
474,Pencil
474,File
474,Pine_Remover
474,Pin_Box
475,Design_Book
475,Whitener
475,Gel_Pen
475,Punching_Machine
475,Box_File
475,Notebook
476,Design_Book
476,Whitener
476,File
476,Pine_Remover
476,Notebook
477,Pencil
477,Gel_Pen
477,Punching_Machine
477,Box_File
477,File
477,Pine_Remover
478,Scissors
478,File
478,Notebook
479,Gel_Pen
479,Scissors
479,Stapler
479,Punching_Machine
479,Box_File
480,Punching_Machine
480,Box_File
481,Gel_Pen
481,Stapler
481,Box_File
481,Pine_Remover
481,Pin_Box
482,Gel_Pen
482,Stapler
482,Pin_Box
482,Notebook
483,Scissors
483,Stapler
483,Pin_Box
484,File
484,Pine_Remover
485,File
485,Pine_Remover
485,Notebook
486,Gel_Pen
486,File
486,Pine_Remover
486,Pin_Box
486,Notebook
487,Gel_Pen
487,Stapler
487,Pine_Remover
487,Pin_Box
487,Notebook
488,Pencil
488,Design_Book
488,Punching_Machine
488,Box_File
488,File
488,Pine_Remover
488,Notebook
489,Gel_Pen
489,Pin_Box
489,Notebook
490,Pin_Box
491,Ball_Pen
491,File
491,Pine_Remover
491,Pin_Box
492,Pencil
492,Gel_Pen
492,Ball_Pen
492,Stapler
492,Punching_Machine
492,Box_File
492,Pin_Box
493,Pencil
493,Gel_Pen
493,Scissors
493,Stapler
493,Pin_Box
493,Notebook
494,Pencil
494,Gel_Pen
494,Pin_Box
494,Notebook
495,File
495,Pin_Box
496,Pencil
496,Design_Book
496,File
496,Pine_Remover
496,Pin_Box
496,Notebook
497,Pencil
497,Design_Book
497,Whitener
497,Gel_Pen
497,Scissors
497,Punching_Machine
497,Box_File
497,File
497,Pin_Box
497,Notebook
498,Pencil
498,Design_Book
498,Whitener
498,Punching_Machine
498,Box_File
498,Pin_Box
498,Notebook
499,File
499,Pine_Remover
500,Gel_Pen
500,Scissors
500,Stapler
501,Stapler
501,File
502,Bag
502,Pencil
502,Design_Book
502,Whitener
502,Punching_Machine
502,Box_File
502,File
503,Gel_Pen
503,Box_File
503,File
503,Pine_Remover
503,Pin_Box
503,Notebook
504,Design_Book
504,Whitener
504,Gel_Pen
504,Scissors
504,Punching_Machine
504,Box_File
504,Pine_Remover
506,File
507,Pencil
507,Gel_Pen
507,Punching_Machine
507,Box_File
507,File
508,Pencil
508,Design_Book
508,Whitener
508,Punching_Machine
508,Box_File
508,Pin_Box
509,Punching_Machine
509,Box_File
509,File
509,Pine_Remover
509,Pin_Box
510,Pencil
510,Gel_Pen
510,Scissors
510,Stapler
510,Pine_Remover
510,Pin_Box
510,Notebook
511,File
511,Pine_Remover
511,Pin_Box
513,Scissors
513,File
513,Pin_Box
514,Pencil
514,File
514,Pine_Remover
515,Notebook
516,Gel_Pen
516,File
516,Pine_Remover
517,Gel_Pen
517,Scissors
517,File
517,Notebook
518,Gel_Pen
518,Scissors
518,Stapler
518,Pin_Box
518,Notebook
519,Design_Book
519,Scissors
519,Box_File
519,File
520,Pencil
520,Gel_Pen
520,Stapler
520,Punching_Machine
520,Pine_Remover
521,Gel_Pen
521,Stapler
521,File
522,Gel_Pen
522,Stapler
522,File
522,Notebook
523,Pencil
523,Gel_Pen
523,File
523,Pin_Box
523,Notebook
524,Design_Book
524,Whitener
524,File
524,Pine_Remover
525,Pencil
526,Punching_Machine
526,Box_File
526,File
526,Pine_Remover
527,Pencil
527,Design_Book
527,Gel_Pen
527,Punching_Machine
527,Box_File
527,File
527,Pine_Remover
528,Pencil
528,Gel_Pen
528,Stapler
528,Punching_Machine
528,Box_File
528,Notebook
529,Design_Book
529,Gel_Pen
529,Scissors
529,Pine_Remover
529,Notebook
530,Design_Book
530,Gel_Pen
530,Pin_Box
530,Notebook
531,Design_Book
531,Whitener
531,Gel_Pen
531,Punching_Machine
531,Box_File
532,Pencil
532,Gel_Pen
532,Scissors
532,Pine_Remover
532,Pin_Box
532,Notebook
533,Bag
533,Pencil
533,Design_Book
533,Whitener
533,Gel_Pen
533,Scissors
533,Stapler
533,Punching_Machine
533,Box_File
534,Punching_Machine
534,Box_File
534,File
534,Pine_Remover
535,Design_Book
535,Whitener
535,File
535,Pine_Remover
535,Pin_Box
536,Pencil
536,Design_Book
536,Whitener
536,Punching_Machine
536,Box_File
536,File
536,Pine_Remover
536,Pin_Box
536,Notebook
537,Pencil
537,Punching_Machine
537,Box_File
538,Pencil
538,Punching_Machine
538,Box_File
538,Pin_Box
539,Pencil
539,Gel_Pen
539,Scissors
539,Punching_Machine
539,Box_File
539,Pine_Remover
540,Gel_Pen
540,Scissors
540,Stapler
540,Punching_Machine
540,Box_File
540,Notebook
542,Pencil
542,Gel_Pen
542,File
542,Pine_Remover
542,Notebook
543,File
544,Gel_Pen
544,File
544,Pine_Remover
544,Notebook
545,File
545,Pine_Remover
546,Scissors
546,File
546,Pin_Box
547,Pencil
547,File
547,Pine_Remover
547,Pin_Box
548,Pencil
548,Gel_Pen
548,Stapler
548,File
548,Pin_Box
549,Punching_Machine
549,Box_File
549,File
549,Pine_Remover
549,Pin_Box
550,Pencil
550,Gel_Pen
550,Stapler
550,Punching_Machine
550,Box_File
550,File
551,Pencil
551,Design_Book
551,Scissors
551,Punching_Machine
551,Box_File
551,Pine_Remover
551,Pin_Box
552,Design_Book
552,Gel_Pen
552,File
552,Pine_Remover
552,Notebook
553,Pencil
553,Design_Book
553,Gel_Pen
553,Stapler
553,Punching_Machine
553,Box_File
553,File
553,Notebook
554,Pencil
554,Pin_Box
554,Notebook
555,Gel_Pen
555,File
555,Pine_Remover
555,Pin_Box
555,Notebook
556,Pencil
556,Gel_Pen
556,Stapler
556,Punching_Machine
556,Box_File
556,Pine_Remover
556,Pin_Box
556,Notebook
558,Pencil
558,Punching_Machine
558,Box_File
558,Pin_Box
558,Notebook
559,Gel_Pen
559,Scissors
559,Pine_Remover
559,Notebook
560,Pencil
560,Gel_Pen
560,Punching_Machine
560,Box_File
560,Notebook
561,Bag
561,Pencil
561,Gel_Pen
561,File
562,Box_File
562,File
562,Pine_Remover
562,Pin_Box
563,File
563,Pine_Remover
563,Pin_Box
564,Pencil
564,Gel_Pen
564,Stapler
564,File
564,Pin_Box
565,Gel_Pen
565,Punching_Machine
565,Box_File
565,File
565,Pine_Remover
565,Pin_Box
566,Pencil
566,Design_Book
566,Whitener
566,Gel_Pen
566,Scissors
566,Stapler
566,Punching_Machine
566,Box_File
566,Notebook
567,Gel_Pen
567,File
567,Notebook
568,Pencil
568,Scissors
568,Punching_Machine
568,Box_File
568,File
569,Pencil
569,Design_Book
569,Gel_Pen
569,Stapler
569,Punching_Machine
569,Box_File
569,Pin_Box
570,Punching_Machine
570,Box_File
570,File
571,Gel_Pen
571,File
571,Notebook
572,Pencil
572,File
572,Pine_Remover
573,Bag
573,Design_Book
573,Whitener
573,Gel_Pen
573,File
573,Pine_Remover
573,Pin_Box
573,Notebook
574,Scissors
574,Pine_Remover
574,Notebook
575,Gel_Pen
575,Pin_Box
575,Notebook
576,File
576,Pine_Remover
577,Gel_Pen
577,Stapler
577,Box_File
577,Pine_Remover
578,Design_Book
578,File
578,Pine_Remover
579,File
579,Pine_Remover
579,Notebook
580,Design_Book
580,Whitener
580,Gel_Pen
580,Stapler
580,Box_File
580,Pine_Remover
580,Notebook
581,Gel_Pen
581,Scissors
581,Box_File
581,File
581,Notebook
582,Design_Book
583,Pencil
583,File
583,Pine_Remover
583,Pin_Box
584,File
584,Pine_Remover
584,Pin_Box
585,File
585,Pine_Remover
585,Pin_Box
586,Pencil
586,Punching_Machine
586,Box_File
586,File
586,Pine_Remover
587,File
587,Pine_Remover
587,Pin_Box
587,Notebook
588,Gel_Pen
589,Stapler
589,Pine_Remover
589,Pin_Box
590,Pencil
590,Design_Book
590,Gel_Pen
590,Notebook
591,Gel_Pen
591,Ball_Pen
591,File
591,Pine_Remover
592,Pencil
592,Punching_Machine
592,Box_File
592,Notebook
593,Gel_Pen
593,Punching_Machine
593,Box_File
593,Notebook
594,File
594,Pin_Box
594,Notebook
595,Gel_Pen
595,File
595,Pin_Box
595,Notebook
596,Pencil
596,Box_File
596,File
596,Pine_Remover
596,Pin_Box
597,Bag
597,Pencil
597,Design_Book
597,Whitener
597,Gel_Pen
597,Ball_Pen
597,Scissors
597,Stapler
597,Punching_Machine
597,Box_File
597,Pin_Box
597,Notebook
598,Pencil
598,Design_Book
598,Whitener
598,File
598,Pine_Remover
598,Pin_Box
600,Scissors
600,Pine_Remover
600,Pin_Box
602,Design_Book
602,Punching_Machine
602,Box_File
602,File
602,Pine_Remover
602,Pin_Box
602,Notebook
603,Pencil
603,Design_Book
603,Punching_Machine
603,Box_File
603,File
603,Pine_Remover
604,Design_Book
604,Box_File
604,File
604,Pine_Remover
604,Pin_Box
605,Gel_Pen
605,Notebook
606,Gel_Pen
606,Notebook
607,Punching_Machine
607,Box_File
607,File
607,Pine_Remover
607,Pin_Box
608,Pencil
608,Design_Book
608,Whitener
608,Gel_Pen
608,Scissors
608,Stapler
608,Pine_Remover
608,Notebook
609,Pencil
609,Gel_Pen
610,Pencil
610,Gel_Pen
610,Ball_Pen
610,Punching_Machine
610,Box_File
611,Bag
611,Pencil
611,Design_Book
611,Stapler
611,File
612,Gel_Pen
612,Scissors
612,Stapler
612,Punching_Machine
612,Notebook
613,Bag
613,Pencil
613,Punching_Machine
613,File
613,Pine_Remover
613,Pin_Box
614,Pencil
614,Design_Book
614,File
614,Pine_Remover
615,File
615,Pine_Remover
615,Notebook
616,Pencil
616,Stapler
617,Pin_Box
617,Notebook
618,Ball_Pen
618,Punching_Machine
618,Box_File
618,Pin_Box
619,Pencil
619,Ball_Pen
619,Notebook
620,Stapler
620,Pine_Remover
621,Bag
621,Gel_Pen
621,Scissors
621,Stapler
621,Punching_Machine
621,Box_File
621,File
621,Pine_Remover
621,Pin_Box
623,Punching_Machine
623,Box_File
623,File
623,Pine_Remover
623,Pin_Box
624,Gel_Pen
624,File
624,Pine_Remover
624,Notebook
625,Bag
625,Pencil
625,Gel_Pen
625,Stapler
625,Pine_Remover
626,File
626,Pin_Box
626,Notebook
627,Pencil
627,Gel_Pen
627,Punching_Machine
627,Box_File
627,Notebook
628,Ball_Pen
629,Punching_Machine
629,File
629,Pine_Remover
629,Notebook
630,File
630,Pine_Remover
630,Pin_Box
631,Scissors
631,File
631,Pine_Remover
631,Notebook
632,Pin_Box
633,Pencil
633,Design_Book
633,Gel_Pen
633,Scissors
633,Stapler
633,Punching_Machine
633,Box_File
634,Pencil
634,Punching_Machine
634,Box_File
635,Design_Book
635,Whitener
635,Gel_Pen
635,Box_File
635,File
635,Pine_Remover
635,Pin_Box
635,Notebook
636,Gel_Pen
636,Punching_Machine
636,Box_File
636,Notebook
637,Pencil
637,Pin_Box
638,Pencil
638,Box_File
638,File
638,Pine_Remover
639,Punching_Machine
639,Box_File
639,File
639,Notebook
640,Pencil
640,Design_Book
641,Pencil
641,Gel_Pen
641,Scissors
641,Punching_Machine
641,Box_File
641,File
642,Design_Book
642,Gel_Pen
642,File
642,Pine_Remover
643,File
643,Pine_Remover
643,Pin_Box
644,Pencil
644,Punching_Machine
644,Box_File
644,Notebook
645,Punching_Machine
645,Box_File
645,File
645,Pine_Remover
646,Pencil
646,Design_Book
646,Whitener
646,Ball_Pen
646,Scissors
646,Punching_Machine
646,Box_File
646,Pine_Remover
646,Pin_Box
646,Notebook
647,Punching_Machine
647,Box_File
647,File
647,Pine_Remover
648,File
649,Pencil
649,Design_Book
649,Gel_Pen
649,Scissors
649,Punching_Machine
649,Box_File
649,File
649,Notebook
650,Design_Book
650,File
650,Pine_Remover
650,Pin_Box
651,Pencil
651,Gel_Pen
651,Scissors
651,Punching_Machine
651,Box_File
651,Pine_Remover
651,Notebook
652,Gel_Pen
652,File
652,Pine_Remover
652,Notebook
653,Punching_Machine
653,Box_File
654,Notebook
655,Notebook
656,Design_Book
656,File
656,Pine_Remover
657,Pencil
657,Punching_Machine
657,Box_File
657,Pin_Box
658,Pencil
658,Gel_Pen
658,Scissors
658,Stapler
658,File
658,Pine_Remover
658,Pin_Box
658,Notebook
659,Gel_Pen
659,File
659,Notebook
660,File
660,Pine_Remover
661,File
661,Pine_Remover
662,Design_Book
662,File
662,Pine_Remover
663,Pencil
663,Gel_Pen
663,Scissors
663,Pine_Remover
663,Notebook
665,Pencil
665,Design_Book
665,Gel_Pen
665,Notebook
667,Pencil
667,Gel_Pen
667,Punching_Machine
667,Box_File
667,Notebook
668,Punching_Machine
668,Box_File
668,File
668,Pine_Remover
668,Notebook
669,Pencil
669,Gel_Pen
669,Scissors
669,Stapler
669,File
669,Pine_Remover
669,Notebook
670,Pencil
670,Gel_Pen
670,File
671,File
671,Pine_Remover
672,Design_Book
672,Gel_Pen
672,Punching_Machine
672,Box_File
672,Pin_Box
672,Notebook
673,Punching_Machine
673,Box_File
673,File
675,Pin_Box
676,Design_Book
680,File
680,Pine_Remover
680,Pin_Box
681,Pencil
681,Pin_Box
682,Gel_Pen
682,Scissors
682,Punching_Machine
682,Box_File
682,File
683,Notebook
684,Pencil
684,Gel_Pen
684,Pin_Box
685,Notebook
686,Scissors
686,Box_File
686,File
686,Notebook
687,Notebook
688,Gel_Pen
688,Punching_Machine
688,File
688,Pine_Remover
688,Notebook
689,Gel_Pen
689,Stapler
689,Pine_Remover
690,Pencil
691,Pencil
691,File
691,Pine_Remover
692,Pencil
692,Notebook
693,Punching_Machine
693,Box_File
693,Notebook
694,Gel_Pen
694,Scissors
694,Pine_Remover
694,Notebook
695,File
695,Pin_Box
696,File
696,Pine_Remover
696,Pin_Box
696,Notebook
697,Scissors
697,Stapler
697,Punching_Machine
697,Box_File
697,Pine_Remover
697,Pin_Box
698,Design_Book
698,Gel_Pen
698,File
698,Pine_Remover
698,Notebook
699,Scissors
699,File
699,Notebook
700,Pin_Box
701,Punching_Machine
701,Box_File
701,File
701,Notebook
702,Gel_Pen
702,Stapler
702,File
702,Notebook
703,Pencil
703,Design_Book
703,Gel_Pen
703,Punching_Machine
703,File
703,Pine_Remover
703,Notebook
704,Gel_Pen
704,File
704,Pine_Remover
704,Notebook
705,Bag
705,Pencil
705,Gel_Pen
705,Ball_Pen
705,Punching_Machine
705,Box_File
705,File
705,Pin_Box
705,Notebook
707,Pencil
707,File
707,Pine_Remover
708,Design_Book
708,Punching_Machine
708,Box_File
708,File
708,Pine_Remover
711,Design_Book
711,File
711,Pine_Remover
711,Pin_Box
711,Notebook
712,Pencil
712,Gel_Pen
712,Stapler
712,Pine_Remover
712,Notebook
714,Gel_Pen
714,Stapler
714,Pine_Remover
714,Pin_Box
714,Notebook
715,File
715,Pine_Remover
715,Notebook
716,File
716,Pine_Remover
716,Notebook
717,Design_Book
717,Punching_Machine
717,Box_File
717,Notebook
718,File
718,Pine_Remover
718,Pin_Box
718,Notebook
719,Gel_Pen
719,Pin_Box
719,Notebook
720,File
720,Pine_Remover
720,Notebook
721,Gel_Pen
721,Notebook
722,File
722,Pine_Remover
723,Pencil
723,File
723,Pine_Remover
724,Pencil
724,Punching_Machine
724,Box_File
724,File
724,Pine_Remover
724,Pin_Box
725,File
725,Notebook
726,Gel_Pen
726,Box_File
726,File
726,Pine_Remover
726,Pin_Box
726,Notebook
727,Bag
727,Pencil
727,Design_Book
727,Gel_Pen
727,Scissors
727,Punching_Machine
727,Box_File
727,File
727,Pine_Remover
727,Pin_Box
727,Notebook
728,Pencil
728,Punching_Machine
728,Box_File
728,File
728,Pin_Box
729,Design_Book
730,File
730,Pine_Remover
730,Notebook
731,File
732,Design_Book
733,Punching_Machine
733,Box_File
733,File
733,Pine_Remover
733,Pin_Box
734,Scissors
734,Box_File
734,File
734,Notebook
736,Box_File
736,File
736,Pine_Remover
736,Pin_Box
737,File
737,Pine_Remover
738,Pencil
738,File
738,Pine_Remover
738,Pin_Box
739,Scissors
739,Pine_Remover
739,Pin_Box
740,Design_Book
740,Whitener
740,Scissors
740,Punching_Machine
740,File
740,Pin_Box
740,Notebook
741,Design_Book
741,Whitener
741,File
741,Pine_Remover
742,Design_Book
742,Whitener
742,Gel_Pen
742,Scissors
742,File
742,Pine_Remover
743,Bag
743,Design_Book
743,Punching_Machine
743,Box_File
743,File
743,Pine_Remover
744,Pencil
744,Punching_Machine
744,Box_File
744,File
745,Design_Book
746,Pencil
746,Gel_Pen
746,Punching_Machine
746,File
746,Pine_Remover
746,Notebook
749,Scissors
749,Punching_Machine
749,Box_File
749,File
749,Notebook
751,File
751,Pine_Remover
752,Gel_Pen
752,Stapler
752,File
752,Notebook
753,Box_File
753,File
753,Pine_Remover
754,Pencil
754,Design_Book
754,Punching_Machine
754,Box_File
754,File
754,Pine_Remover
755,Pin_Box
755,Notebook
757,Pencil
757,File
757,Pine_Remover
758,Bag
758,Ball_Pen
758,Notebook
759,Pencil
759,Design_Book
759,Whitener
759,Scissors
759,Punching_Machine
759,Box_File
759,File
759,Pin_Box
760,Pencil
760,Stapler
760,File
761,Pencil
761,Gel_Pen
761,Stapler
761,Punching_Machine
761,Box_File
761,Pine_Remover
761,Notebook
762,Pencil
762,Gel_Pen
762,Ball_Pen
762,Stapler
762,Punching_Machine
762,Box_File
762,Pin_Box
762,Notebook
763,File
763,Pine_Remover
766,Bag
766,Design_Book
766,Whitener
766,File
767,Design_Book
767,Whitener
767,Gel_Pen
767,Stapler
767,Pine_Remover
767,Notebook
768,Pencil
769,Ball_Pen
769,Punching_Machine
769,Box_File
769,Pin_Box
770,Pencil
770,Stapler
770,Punching_Machine
770,Box_File
770,File
772,Stapler
772,Pine_Remover
773,Pencil
773,Gel_Pen
773,Scissors
773,Punching_Machine
773,File
775,Design_Book
775,Gel_Pen
775,Stapler
775,Punching_Machine
775,Pine_Remover
775,Notebook
776,Pin_Box
776,Notebook
777,Design_Book
778,Pencil
778,Gel_Pen
778,Stapler
778,Pine_Remover
778,Notebook
779,Notebook
780,Pencil
780,File
780,Pine_Remover
780,Pin_Box
781,Punching_Machine
781,Box_File
781,Notebook
782,Scissors
782,Stapler
783,Punching_Machine
783,File
783,Pine_Remover
784,Pencil
784,Design_Book
784,Gel_Pen
784,Stapler
784,Pine_Remover
785,File
786,Punching_Machine
786,Box_File
787,Pencil
787,Gel_Pen
787,Punching_Machine
787,Box_File
788,Pencil
788,Gel_Pen
788,File
788,Pine_Remover
788,Notebook
789,Pencil
789,Design_Book
789,Scissors
789,Punching_Machine
789,Box_File
789,Pine_Remover
790,Punching_Machine
790,Box_File
790,Pin_Box
790,Notebook
791,Box_File
791,File
791,Pine_Remover
792,File
792,Pine_Remover
793,Stapler
793,Box_File
793,Pine_Remover
794,Design_Book
794,File
794,Pine_Remover
794,Notebook
795,Gel_Pen
795,Scissors
795,Stapler
795,Punching_Machine
795,Box_File
796,Design_Book
796,File
796,Pine_Remover
797,Gel_Pen
797,Punching_Machine
797,Box_File
797,Pin_Box
797,Notebook
798,Pencil
799,Pencil
799,File
799,Pine_Remover
799,Pin_Box
799,Notebook
800,Pencil
800,Scissors
800,Stapler
800,Box_File
801,Gel_Pen
802,Notebook
803,Gel_Pen
803,Pin_Box
803,Notebook
804,Pencil
804,Gel_Pen
804,Stapler
804,File
804,Notebook
805,File
805,Pine_Remover
806,Pencil
806,Stapler
806,Pine_Remover
807,File
807,Pine_Remover
809,File
809,Pine_Remover
809,Pin_Box
810,File
811,Scissors
811,Pine_Remover
811,Notebook
812,Punching_Machine
812,Box_File
812,Notebook
813,Pencil
813,Design_Book
814,Punching_Machine
814,Box_File
814,File
814,Pine_Remover
815,Gel_Pen
815,Punching_Machine
815,Box_File
815,File
815,Pine_Remover
815,Pin_Box
816,Punching_Machine
816,Box_File
816,Pin_Box
816,Notebook
817,Box_File
817,File
817,Pine_Remover
817,Notebook
818,Design_Book
818,File
818,Pine_Remover
818,Pin_Box
818,Notebook
819,Gel_Pen
819,File
819,Pine_Remover
819,Notebook
820,Gel_Pen
820,Punching_Machine
820,Box_File
820,File
820,Pine_Remover
820,Notebook
821,Gel_Pen
821,Punching_Machine
821,Box_File
821,Pin_Box
821,Notebook
822,File
823,Pencil
823,Punching_Machine
823,Box_File
823,File
823,Pine_Remover
823,Notebook
824,Design_Book
824,Gel_Pen
824,File
824,Pin_Box
824,Notebook
825,Bag
825,Design_Book
825,Whitener
825,Punching_Machine
825,Box_File
826,Pencil
826,Design_Book
826,Whitener
826,File
826,Pine_Remover
826,Notebook
828,Design_Book
828,Gel_Pen
828,File
828,Pine_Remover
829,File
830,Pencil
830,Gel_Pen
830,Stapler
830,File
830,Pin_Box
830,Notebook
831,Gel_Pen
831,Scissors
831,Stapler
831,File
831,Pine_Remover
831,Notebook
832,Scissors
832,File
833,Gel_Pen
833,Pin_Box
833,Notebook
834,Design_Book
834,Notebook
835,Pencil
835,Design_Book
835,Gel_Pen
835,Punching_Machine
835,Box_File
835,File
836,Pencil
836,File
836,Pine_Remover
837,Pencil
837,Ball_Pen
837,Scissors
837,Pine_Remover
837,Pin_Box
838,Punching_Machine
838,Box_File
838,File
838,Pine_Remover
838,Pin_Box
838,Notebook
839,Pencil
839,Gel_Pen
839,Scissors
839,Stapler
839,Punching_Machine
839,Box_File
839,File
839,Pine_Remover
840,Gel_Pen
840,Stapler
840,File
840,Notebook
841,Pencil
841,Design_Book
841,Gel_Pen
841,File
841,Pine_Remover
841,Notebook
842,Gel_Pen
842,File
843,Pencil
843,Gel_Pen
843,Stapler
843,Box_File
843,Pine_Remover
843,Pin_Box
843,Notebook
844,File
844,Pine_Remover
844,Pin_Box
845,Design_Book
845,Gel_Pen
845,File
845,Pine_Remover
845,Notebook
846,Pencil
846,Design_Book
846,Notebook
848,Pencil
848,Design_Book
848,Gel_Pen
848,Punching_Machine
848,Box_File
848,File
848,Pine_Remover
848,Notebook
849,Gel_Pen
850,Pencil
850,Design_Book
850,Gel_Pen
850,Punching_Machine
850,File
850,Pine_Remover
851,Gel_Pen
851,File
851,Pine_Remover
851,Notebook
852,Pin_Box
853,Design_Book
853,Whitener
853,Punching_Machine
853,File
853,Pine_Remover
854,Punching_Machine
854,Box_File
854,File
854,Pine_Remover
855,Pencil
856,Gel_Pen
856,File
856,Pine_Remover
856,Pin_Box
856,Notebook
857,Pencil
857,Ball_Pen
857,Punching_Machine
857,Box_File
857,Notebook
858,Design_Book
858,Whitener
858,Gel_Pen
858,Scissors
858,Stapler
858,Punching_Machine
858,Box_File
858,File
858,Pine_Remover
858,Notebook
859,File
859,Pine_Remover
860,Pencil
860,Gel_Pen
860,Stapler
860,Punching_Machine
860,Box_File
860,Pine_Remover
860,Notebook
861,Box_File
861,File
861,Pine_Remover
862,File
862,Pine_Remover
863,Pencil
863,Design_Book
863,Ball_Pen
863,Punching_Machine
863,Box_File
863,File
863,Pine_Remover
864,Pencil
864,Gel_Pen
864,File
864,Pine_Remover
864,Notebook
866,Bag
866,Design_Book
866,Scissors
866,Stapler
866,Punching_Machine
866,Box_File
866,Pine_Remover
867,File
867,Pine_Remover
867,Notebook
868,Pencil
868,Gel_Pen
868,Punching_Machine
868,Box_File
868,Pin_Box
869,Pin_Box
870,Pencil
870,Ball_Pen
870,Pin_Box
871,File
871,Notebook
872,Gel_Pen
872,Stapler
872,Pine_Remover
872,Pin_Box
872,Notebook
873,Pencil
873,File
873,Pine_Remover
873,Notebook
874,File
874,Pin_Box
874,Notebook
875,Gel_Pen
875,Notebook
876,Gel_Pen
876,File
876,Pine_Remover
876,Pin_Box
876,Notebook
877,Gel_Pen
877,File
877,Notebook
878,Scissors
878,File
879,Pencil
879,Ball_Pen
879,Box_File
879,File
879,Pine_Remover
879,Pin_Box
880,Pencil
880,Pin_Box
880,Notebook
881,Gel_Pen
881,Notebook
882,File
882,Pin_Box
882,Notebook
883,Pin_Box
884,Stapler
884,Pine_Remover
884,Pin_Box
884,Notebook
885,Pencil
885,Gel_Pen
885,File
885,Pine_Remover
886,File
886,Pine_Remover
886,Pin_Box
887,Pencil
887,File
887,Pine_Remover
888,File
888,Pine_Remover
889,File
889,Notebook
890,Bag
890,Pencil
890,Design_Book
890,Whitener
890,Punching_Machine
890,Box_File
890,Pin_Box
891,Pencil
891,Punching_Machine
891,Box_File
892,Notebook
893,Design_Book
893,Whitener
893,Scissors
893,Stapler
893,Pin_Box
894,Pencil
894,File
894,Pine_Remover
895,Pin_Box
896,Gel_Pen
896,Stapler
896,File
896,Notebook
897,Pencil
897,Design_Book
897,Notebook
898,Gel_Pen
898,File
898,Pine_Remover
899,Pencil
899,Punching_Machine
899,Box_File
899,File
899,Pine_Remover
899,Notebook
900,File
900,Pin_Box
901,File
901,Pine_Remover
901,Notebook
902,Box_File
902,File
902,Pine_Remover
903,Design_Book
903,Stapler
903,Pine_Remover
903,Pin_Box
904,Design_Book
904,Notebook
905,Pencil
905,Box_File
905,File
905,Pine_Remover
905,Notebook
906,Pencil
906,File
906,Pine_Remover
906,Notebook
907,Pencil
907,Design_Book
907,Whitener
907,Punching_Machine
907,File
907,Pine_Remover
907,Notebook
908,Punching_Machine
908,Box_File
908,File
908,Pine_Remover
909,Pencil
909,File
909,Pine_Remover
910,Gel_Pen
910,Punching_Machine
910,Box_File
910,File
910,Pine_Remover
911,Design_Book
911,Whitener
911,Stapler
911,File
911,Pin_Box
912,Box_File
912,File
912,Pine_Remover
912,Notebook
913,Design_Book
913,Whitener
913,Gel_Pen
913,Punching_Machine
913,Box_File
914,Pencil
914,File
915,Gel_Pen
915,Scissors
915,Stapler
915,File
915,Pine_Remover
916,File
916,Pine_Remover
917,Box_File
917,File
917,Pine_Remover
918,Pencil
918,Gel_Pen
918,Stapler
918,Punching_Machine
918,Box_File
918,Pine_Remover
919,Pencil
920,Notebook
921,Design_Book
921,Gel_Pen
921,File
921,Notebook
922,Design_Book
922,Punching_Machine
922,Box_File
923,Pin_Box
924,Punching_Machine
924,Box_File
924,Notebook
925,Pencil
925,Punching_Machine
925,Box_File
925,File
925,Pine_Remover
926,Pencil
926,Punching_Machine
926,Box_File
926,File
927,Scissors
927,Stapler
927,Box_File
927,Notebook
928,Scissors
928,Punching_Machine
928,Box_File
928,File
929,Pencil
929,Design_Book
929,Whitener
929,Stapler
929,File
929,Notebook
930,Gel_Pen
930,Notebook
932,Ball_Pen
932,Pin_Box
932,Notebook
933,Pencil
933,Gel_Pen
933,Punching_Machine
933,Box_File
933,File
933,Pine_Remover
933,Notebook
934,File
934,Pine_Remover
934,Notebook
935,Stapler
935,File
936,File
936,Pine_Remover
937,Gel_Pen
937,Punching_Machine
937,Box_File
937,File
937,Pine_Remover
938,Punching_Machine
938,Box_File
938,File
939,Punching_Machine
939,Box_File
939,File
939,Pine_Remover
939,Pin_Box
940,File
941,Pin_Box
941,Notebook
942,Design_Book
942,Whitener
943,Gel_Pen
943,File
943,Notebook
944,Scissors
944,Stapler
944,File
944,Pine_Remover
945,Pencil
945,Gel_Pen
945,Scissors
945,Pine_Remover
945,Notebook
946,Design_Book
946,Whitener
946,Gel_Pen
946,Stapler
946,Punching_Machine
946,Box_File
946,Notebook
947,Gel_Pen
947,Notebook
948,Punching_Machine
948,Box_File
948,File
948,Pine_Remover
948,Pin_Box
948,Notebook
949,Pencil
950,File
950,Pine_Remover
951,Pencil
951,Gel_Pen
951,File
951,Pine_Remover
951,Pin_Box
951,Notebook
952,Pencil
952,Punching_Machine
952,Box_File
952,File
952,Pine_Remover
953,File
954,Notebook
955,Gel_Pen
955,File
955,Notebook
956,Pencil
957,Bag
957,Pin_Box
957,Notebook
958,Punching_Machine
958,Box_File
958,Pin_Box
959,Design_Book
959,Punching_Machine
959,Box_File
960,File
960,Pine_Remover
960,Pin_Box
961,Punching_Machine
961,Box_File
961,File
961,Pine_Remover
961,Pin_Box
962,Pencil
962,Design_Book
963,Design_Book
963,Whitener
963,Scissors
963,Stapler
964,Pencil
966,Design_Book
966,Pin_Box
967,Bag
967,Punching_Machine
967,Box_File
967,File
967,Notebook
968,Pin_Box
969,Punching_Machine
969,Box_File
972,File
972,Notebook
973,Notebook
974,File
974,Pine_Remover
975,Stapler
975,Box_File
975,Pine_Remover
975,Notebook
976,Pencil
976,File
976,Pine_Remover
977,Design_Book
977,Whitener
977,Punching_Machine
977,Box_File
977,Notebook
978,File
978,Pine_Remover
979,Stapler
979,Punching_Machine
979,Pine_Remover
980,Pin_Box
981,Design_Book
981,Scissors
981,Punching_Machine
981,Box_File
981,Pine_Remover
982,Pin_Box
983,Design_Book
983,Whitener
983,Scissors
983,Stapler
984,Design_Book
984,Whitener
985,Pencil
985,Stapler
985,Pine_Remover
986,Gel_Pen
986,Notebook
987,Bag
987,Pencil
987,Gel_Pen
987,Punching_Machine
987,File
987,Pine_Remover
988,Design_Book
988,Stapler
988,Punching_Machine
988,Box_File
988,File
988,Pin_Box
989,File
989,Pine_Remover
990,Punching_Machine
990,Box_File
990,File
990,Pine_Remover
991,Bag
991,Design_Book
991,Punching_Machine
991,Box_File
991,Notebook
992,Pin_Box
992,Notebook
993,Pin_Box
994,Gel_Pen
994,Stapler
994,Punching_Machine
994,Box_File
994,File
994,Notebook
995,Pencil
995,Punching_Machine
995,Box_File
995,File
995,Pine_Remover
997,File
997,Pine_Remover
998,Pencil
998,Design_Book
998,Whitener
998,Gel_Pen
998,Stapler
998,File
998,Pin_Box
998,Notebook
999,Bag
999,Pencil
999,Gel_Pen
999,Punching_Machine
999,Box_File
999,Pin_Box
999,Notebook
1000,Gel_Pen
1000,Scissors
1000,Stapler
1000,Box_File
1000,Notebook
